val_file,closest_train_file,residual
cast_ok_0_5815.jpeg,cast_ok_0_3463.jpeg,0.937
cast_def_0_26.jpeg,cast_def_0_339.jpeg,1.972
cast_ok_0_9934.jpeg,cast_ok_0_5571.jpeg,2.670
cast_def_0_9825.jpeg,cast_def_0_3122.jpeg,2.746
cast_def_0_2082.jpeg,cast_def_0_3122.jpeg,2.781
cast_ok_0_9918.jpeg,cast_ok_0_2120.jpeg,2.840
cast_ok_0_6331.jpeg,cast_ok_0_7849.jpeg,2.868
cast_ok_0_7089.jpeg,cast_ok_0_1674.jpeg,2.925
cast_ok_0_7901.jpeg,cast_ok_0_1057.jpeg,2.982
cast_def_0_3365.jpeg,cast_def_0_7653.jpeg,3.054
cast_ok_0_8535.jpeg,cast_ok_0_7849.jpeg,3.158
cast_ok_0_3440.jpeg,cast_ok_0_7577.jpeg,3.460
cast_def_0_732.jpeg,cast_def_0_9481.jpeg,3.707
cast_ok_0_9552.jpeg,cast_ok_0_1020.jpeg,3.799
cast_ok_0_7408.jpeg,cast_ok_0_6718.jpeg,3.931
cast_ok_0_7534.jpeg,cast_ok_0_2085.jpeg,3.967
cast_ok_0_9955.jpeg,cast_ok_0_6718.jpeg,4.119
cast_ok_0_3799.jpeg,cast_ok_0_7849.jpeg,4.263
cast_ok_0_7312.jpeg,cast_ok_0_6523.jpeg,4.290
cast_ok_0_7324.jpeg,cast_ok_0_6294.jpeg,4.317
cast_ok_0_273.jpeg,cast_ok_0_3193.jpeg,4.370
cast_ok_0_5303.jpeg,cast_ok_0_6718.jpeg,4.381
cast_ok_0_6551.jpeg,cast_ok_0_6294.jpeg,4.402
cast_ok_0_3916.jpeg,cast_ok_0_6718.jpeg,4.410
cast_ok_0_4170.jpeg,cast_ok_0_6718.jpeg,4.425
cast_ok_0_7632.jpeg,cast_ok_0_5314.jpeg,4.433
cast_ok_0_6950.jpeg,cast_ok_0_3346.jpeg,4.467
cast_ok_0_4373.jpeg,cast_ok_0_7849.jpeg,4.473
cast_def_0_4592.jpeg,cast_def_0_6037.jpeg,4.475
cast_ok_0_3962.jpeg,cast_ok_0_4183.jpeg,4.522
cast_ok_0_2531.jpeg,cast_ok_0_6932.jpeg,4.575
cast_ok_0_7266.jpeg,cast_ok_0_4783.jpeg,4.594
cast_ok_0_6034.jpeg,cast_ok_0_9268.jpeg,4.603
cast_ok_0_1001.jpeg,cast_ok_0_381.jpeg,4.606
cast_ok_0_4954.jpeg,cast_ok_0_6718.jpeg,4.623
cast_ok_0_7849.jpeg,cast_ok_0_3145.jpeg,4.655
cast_ok_0_5530.jpeg,cast_ok_0_1294.jpeg,4.696
cast_ok_0_1421.jpeg,cast_ok_0_4783.jpeg,4.733
cast_ok_0_4689.jpeg,cast_ok_0_6103.jpeg,4.758
cast_ok_0_1692.jpeg,cast_ok_0_22.jpeg,4.776
cast_ok_0_7318.jpeg,cast_ok_0_6718.jpeg,4.799
cast_ok_0_8142.jpeg,cast_ok_0_6718.jpeg,4.821
cast_ok_0_8404.jpeg,cast_ok_0_2039.jpeg,4.840
cast_ok_0_837.jpeg,cast_ok_0_2039.jpeg,4.875
cast_ok_0_8317.jpeg,cast_ok_0_2779.jpeg,4.897
cast_ok_0_6718.jpeg,cast_ok_0_7529.jpeg,4.907
cast_ok_0_9322.jpeg,cast_ok_0_1294.jpeg,4.915
cast_ok_0_5837.jpeg,cast_ok_0_8761.jpeg,4.997
cast_ok_0_4834.jpeg,cast_ok_0_6718.jpeg,5.001
cast_ok_0_1602.jpeg,cast_ok_0_2729.jpeg,5.014
cast_ok_0_9466.jpeg,cast_ok_0_3193.jpeg,5.033
cast_ok_0_8262.jpeg,cast_ok_0_5074.jpeg,5.058
cast_ok_0_4534.jpeg,cast_ok_0_6718.jpeg,5.059
cast_ok_0_6508.jpeg,cast_ok_0_2039.jpeg,5.065
cast_def_0_7186.jpeg,cast_def_0_8501.jpeg,5.085
cast_def_0_1891.jpeg,cast_def_0_6037.jpeg,5.088
cast_ok_0_4992.jpeg,cast_ok_0_7849.jpeg,5.089
cast_ok_0_4644.jpeg,cast_ok_0_9978.jpeg,5.091
cast_ok_0_9597.jpeg,cast_ok_0_22.jpeg,5.151
cast_ok_0_1328.jpeg,cast_ok_0_7849.jpeg,5.250
cast_ok_0_4967.jpeg,cast_ok_0_7667.jpeg,5.253
cast_ok_0_9632.jpeg,cast_ok_0_9774.jpeg,5.258
cast_ok_0_1781.jpeg,cast_ok_0_8397.jpeg,5.261
cast_ok_0_2439.jpeg,cast_ok_0_5021.jpeg,5.307
cast_ok_0_4680.jpeg,cast_ok_0_5023.jpeg,5.324
cast_ok_0_3070.jpeg,cast_ok_0_1184.jpeg,5.350
cast_ok_0_1193.jpeg,cast_ok_0_7781.jpeg,5.369
cast_def_0_5776.jpeg,cast_def_0_6037.jpeg,5.403
cast_ok_0_8614.jpeg,cast_ok_0_1458.jpeg,5.418
cast_ok_0_9013.jpeg,cast_ok_0_5074.jpeg,5.483
cast_ok_0_6933.jpeg,cast_ok_0_6718.jpeg,5.547
cast_ok_0_7679.jpeg,cast_ok_0_5322.jpeg,5.572
cast_ok_0_8260.jpeg,cast_ok_0_7667.jpeg,5.591
cast_ok_0_3225.jpeg,cast_ok_0_6108.jpeg,5.594
cast_ok_0_8695.jpeg,cast_ok_0_9268.jpeg,5.644
cast_ok_0_6171.jpeg,cast_ok_0_5021.jpeg,5.696
cast_ok_0_440.jpeg,cast_ok_0_22.jpeg,5.696
cast_ok_0_1962.jpeg,cast_ok_0_9945.jpeg,5.706
cast_ok_0_2058.jpeg,cast_ok_0_7667.jpeg,5.709
cast_ok_0_7232.jpeg,cast_ok_0_3060.jpeg,5.715
cast_ok_0_2440.jpeg,cast_ok_0_6103.jpeg,5.776
cast_ok_0_4034.jpeg,cast_ok_0_9886.jpeg,5.819
cast_ok_0_6062.jpeg,cast_ok_0_7849.jpeg,5.829
cast_ok_0_3469.jpeg,cast_ok_0_7849.jpeg,5.858
cast_ok_0_8456.jpeg,cast_ok_0_2039.jpeg,5.888
cast_ok_0_3047.jpeg,cast_ok_0_6718.jpeg,5.899
cast_ok_0_1268.jpeg,cast_ok_0_8967.jpeg,5.924
cast_ok_0_2042.jpeg,cast_ok_0_6718.jpeg,5.928
cast_ok_0_9821.jpeg,cast_ok_0_8397.jpeg,5.935
cast_ok_0_3420.jpeg,cast_ok_0_9822.jpeg,5.940
cast_ok_0_3025.jpeg,cast_ok_0_3659.jpeg,5.996
cast_def_0_1858.jpeg,cast_def_0_9095.jpeg,6.009
cast_ok_0_2805.jpeg,cast_ok_0_2729.jpeg,6.013
cast_def_0_3314.jpeg,cast_def_0_9095.jpeg,6.029
cast_def_0_1981.jpeg,cast_def_0_2648.jpeg,6.034
cast_ok_0_6550.jpeg,cast_ok_0_8989.jpeg,6.056
cast_ok_0_3312.jpeg,cast_ok_0_9822.jpeg,6.085
cast_ok_0_3624.jpeg,cast_ok_0_8989.jpeg,6.112
cast_ok_0_935.jpeg,cast_ok_0_5314.jpeg,6.125
cast_ok_0_2249.jpeg,cast_ok_0_22.jpeg,6.128
cast_ok_0_8392.jpeg,cast_ok_0_4371.jpeg,6.130
cast_ok_0_6374.jpeg,cast_ok_0_22.jpeg,6.139
cast_ok_0_1665.jpeg,cast_ok_0_5587.jpeg,6.231
cast_ok_0_5205.jpeg,cast_ok_0_2039.jpeg,6.396
cast_ok_0_3305.jpeg,cast_ok_0_5851.jpeg,6.418
cast_ok_0_549.jpeg,cast_ok_0_1851.jpeg,6.439
cast_ok_0_1611.jpeg,cast_ok_0_3227.jpeg,6.444
cast_ok_0_4716.jpeg,cast_ok_0_9945.jpeg,6.445
cast_ok_0_4886.jpeg,cast_ok_0_9822.jpeg,6.449
cast_ok_0_3156.jpeg,cast_ok_0_4183.jpeg,6.450
cast_def_0_974.jpeg,cast_def_0_354.jpeg,6.474
cast_ok_0_3450.jpeg,cast_ok_0_6983.jpeg,6.480
cast_ok_0_6011.jpeg,cast_ok_0_7013.jpeg,6.489
cast_def_0_9523.jpeg,cast_def_0_9095.jpeg,6.489
cast_ok_0_5035.jpeg,cast_ok_0_7667.jpeg,6.498
cast_ok_0_4781.jpeg,cast_ok_0_9978.jpeg,6.535
cast_ok_0_4976.jpeg,cast_ok_0_4183.jpeg,6.550
cast_ok_0_7458.jpeg,cast_ok_0_5244.jpeg,6.560
cast_ok_0_125.jpeg,cast_ok_0_5629.jpeg,6.563
cast_ok_0_6764.jpeg,cast_ok_0_9886.jpeg,6.577
cast_ok_0_3334.jpeg,cast_ok_0_452.jpeg,6.584
cast_ok_0_2885.jpeg,cast_ok_0_2077.jpeg,6.612
cast_def_0_7442.jpeg,cast_def_0_531.jpeg,6.713
cast_def_0_5722.jpeg,cast_def_0_6037.jpeg,6.728
cast_def_0_7596.jpeg,cast_def_0_3725.jpeg,6.742
cast_ok_0_186.jpeg,cast_ok_0_8179.jpeg,6.755
cast_def_0_4609.jpeg,cast_def_0_354.jpeg,6.767
cast_ok_0_827.jpeg,cast_ok_0_8397.jpeg,6.773
cast_ok_0_6259.jpeg,cast_ok_0_7857.jpeg,6.780
cast_ok_0_9127.jpeg,cast_ok_0_7667.jpeg,6.786
cast_def_0_8583.jpeg,cast_def_0_9921.jpeg,6.807
cast_ok_0_3426.jpeg,cast_ok_0_9822.jpeg,6.850
cast_ok_0_1308.jpeg,cast_ok_0_1189.jpeg,6.851
cast_def_0_734.jpeg,cast_def_0_9270.jpeg,6.872
cast_ok_0_9443.jpeg,cast_ok_0_2673.jpeg,6.873
cast_ok_0_6095.jpeg,cast_ok_0_2039.jpeg,6.893
cast_ok_0_6657.jpeg,cast_ok_0_7671.jpeg,6.895
cast_def_0_571.jpeg,cast_def_0_7809.jpeg,6.955
cast_ok_0_296.jpeg,cast_ok_0_8397.jpeg,6.980
cast_def_0_9119.jpeg,cast_def_0_2305.jpeg,7.017
cast_ok_0_607.jpeg,cast_ok_0_9886.jpeg,7.051
cast_def_0_5733.jpeg,cast_def_0_2989.jpeg,7.054
cast_def_0_2818.jpeg,cast_def_0_9921.jpeg,7.068
cast_ok_0_3812.jpeg,cast_ok_0_4658.jpeg,7.128
cast_def_0_9691.jpeg,cast_def_0_4707.jpeg,7.131
cast_ok_0_8883.jpeg,cast_ok_0_9428.jpeg,7.155
cast_ok_0_1918.jpeg,cast_ok_0_5812.jpeg,7.184
cast_ok_0_1021.jpeg,cast_ok_0_4183.jpeg,7.194
cast_ok_0_3292.jpeg,cast_ok_0_7849.jpeg,7.205
cast_ok_0_1655.jpeg,cast_ok_0_5812.jpeg,7.248
cast_ok_0_4214.jpeg,cast_ok_0_7849.jpeg,7.253
cast_ok_0_4749.jpeg,cast_ok_0_1902.jpeg,7.260
cast_ok_0_4321.jpeg,cast_ok_0_7667.jpeg,7.262
cast_ok_0_768.jpeg,cast_ok_0_4239.jpeg,7.294
cast_ok_0_9971.jpeg,cast_ok_0_8989.jpeg,7.297
cast_ok_0_4008.jpeg,cast_ok_0_8989.jpeg,7.305
cast_ok_0_3863.jpeg,cast_ok_0_3168.jpeg,7.308
cast_ok_0_8670.jpeg,cast_ok_0_8989.jpeg,7.311
cast_ok_0_551.jpeg,cast_ok_0_5770.jpeg,7.325
cast_ok_0_1069.jpeg,cast_ok_0_8138.jpeg,7.325
cast_ok_0_4566.jpeg,cast_ok_0_9088.jpeg,7.329
cast_ok_0_9575.jpeg,cast_ok_0_9469.jpeg,7.330
cast_ok_0_2195.jpeg,cast_ok_0_6718.jpeg,7.380
cast_ok_0_8110.jpeg,cast_ok_0_9862.jpeg,7.393
cast_def_0_4321.jpeg,cast_def_0_9095.jpeg,7.404
cast_ok_0_4369.jpeg,cast_ok_0_2742.jpeg,7.415
cast_ok_0_3909.jpeg,cast_ok_0_1385.jpeg,7.436
cast_ok_0_1688.jpeg,cast_ok_0_2016.jpeg,7.444
cast_ok_0_9930.jpeg,cast_ok_0_2742.jpeg,7.459
cast_ok_0_6126.jpeg,cast_ok_0_7667.jpeg,7.474
cast_def_0_9051.jpeg,cast_def_0_6410.jpeg,7.480
cast_ok_0_5522.jpeg,cast_ok_0_7381.jpeg,7.492
cast_ok_0_3457.jpeg,cast_ok_0_9123.jpeg,7.502
cast_ok_0_6620.jpeg,cast_ok_0_7849.jpeg,7.528
cast_ok_0_8210.jpeg,cast_ok_0_8382.jpeg,7.528
cast_def_0_8331.jpeg,cast_def_0_9095.jpeg,7.576
cast_ok_0_1534.jpeg,cast_ok_0_1189.jpeg,7.578
cast_ok_0_8740.jpeg,cast_ok_0_5596.jpeg,7.591
cast_def_0_3974.jpeg,cast_def_0_9095.jpeg,7.631
cast_ok_0_5341.jpeg,cast_ok_0_4069.jpeg,7.636
cast_def_0_2474.jpeg,cast_def_0_6410.jpeg,7.639
cast_ok_0_8712.jpeg,cast_ok_0_3340.jpeg,7.647
cast_def_0_8333.jpeg,cast_def_0_9921.jpeg,7.672
cast_ok_0_6074.jpeg,cast_ok_0_7442.jpeg,7.686
cast_ok_0_2138.jpeg,cast_ok_0_4089.jpeg,7.711
cast_def_0_1775.jpeg,cast_def_0_9095.jpeg,7.713
cast_ok_0_1968.jpeg,cast_ok_0_907.jpeg,7.729
cast_ok_0_9718.jpeg,cast_ok_0_9774.jpeg,7.739
cast_ok_0_6281.jpeg,cast_ok_0_9822.jpeg,7.745
cast_ok_0_7746.jpeg,cast_ok_0_2077.jpeg,7.758
cast_ok_0_5562.jpeg,cast_ok_0_3340.jpeg,7.768
cast_ok_0_2237.jpeg,cast_ok_0_9886.jpeg,7.768
cast_ok_0_9205.jpeg,cast_ok_0_9123.jpeg,7.777
cast_def_0_1459.jpeg,cast_def_0_4707.jpeg,7.818
cast_def_0_7692.jpeg,cast_def_0_4707.jpeg,7.826
cast_ok_0_5786.jpeg,cast_ok_0_9340.jpeg,7.827
cast_ok_0_1607.jpeg,cast_ok_0_2275.jpeg,7.835
cast_ok_0_4337.jpeg,cast_ok_0_6168.jpeg,7.874
cast_ok_0_1323.jpeg,cast_ok_0_9886.jpeg,7.888
cast_ok_0_5429.jpeg,cast_ok_0_5770.jpeg,7.893
cast_ok_0_2317.jpeg,cast_ok_0_1458.jpeg,7.895
cast_def_0_9301.jpeg,cast_def_0_7584.jpeg,7.901
cast_ok_0_2844.jpeg,cast_ok_0_5244.jpeg,7.906
cast_ok_0_9714.jpeg,cast_ok_0_9774.jpeg,7.909
cast_ok_0_4621.jpeg,cast_ok_0_2278.jpeg,7.913
cast_ok_0_4281.jpeg,cast_ok_0_2306.jpeg,7.936
cast_ok_0_8995.jpeg,cast_ok_0_1189.jpeg,7.937
cast_ok_0_157.jpeg,cast_ok_0_6983.jpeg,7.948
cast_ok_0_8918.jpeg,cast_ok_0_1430.jpeg,7.953
cast_ok_0_4512.jpeg,cast_ok_0_2016.jpeg,7.954
cast_ok_0_4494.jpeg,cast_ok_0_1294.jpeg,8.000
cast_def_0_5689.jpeg,cast_def_0_1348.jpeg,8.007
cast_ok_0_2082.jpeg,cast_ok_0_22.jpeg,8.010
cast_def_0_875.jpeg,cast_def_0_6961.jpeg,8.011
cast_ok_0_8619.jpeg,cast_ok_0_3703.jpeg,8.051
cast_ok_0_4389.jpeg,cast_ok_0_6205.jpeg,8.060
cast_ok_0_8446.jpeg,cast_ok_0_46.jpeg,8.064
cast_def_0_8616.jpeg,cast_def_0_7044.jpeg,8.065
cast_def_0_2004.jpeg,cast_def_0_4707.jpeg,8.070
cast_ok_0_970.jpeg,cast_ok_0_6319.jpeg,8.107
cast_ok_0_6043.jpeg,cast_ok_0_242.jpeg,8.116
cast_def_0_7726.jpeg,cast_def_0_4707.jpeg,8.142
cast_ok_0_4403.jpeg,cast_ok_0_2742.jpeg,8.212
cast_ok_0_8377.jpeg,cast_ok_0_2673.jpeg,8.214
cast_def_0_6750.jpeg,cast_def_0_3674.jpeg,8.250
cast_ok_0_3960.jpeg,cast_ok_0_6718.jpeg,8.276
cast_def_0_2950.jpeg,cast_def_0_4127.jpeg,8.286
cast_def_0_8266.jpeg,cast_def_0_4231.jpeg,8.292
cast_def_0_9621.jpeg,cast_def_0_7632.jpeg,8.306
cast_ok_0_656.jpeg,cast_ok_0_1902.jpeg,8.313
cast_def_0_376.jpeg,cast_def_0_1348.jpeg,8.315
cast_def_0_9736.jpeg,cast_def_0_8453.jpeg,8.326
cast_ok_0_4016.jpeg,cast_ok_0_6205.jpeg,8.345
cast_ok_0_2051.jpeg,cast_ok_0_2269.jpeg,8.367
cast_def_0_8943.jpeg,cast_def_0_354.jpeg,8.373
cast_ok_0_9534.jpeg,cast_ok_0_2085.jpeg,8.397
cast_ok_0_2057.jpeg,cast_ok_0_9822.jpeg,8.402
cast_def_0_4200.jpeg,cast_def_0_3122.jpeg,8.404
cast_ok_0_695.jpeg,cast_ok_0_5770.jpeg,8.410
cast_def_0_5963.jpeg,cast_def_0_536.jpeg,8.426
cast_def_0_8256.jpeg,cast_def_0_6961.jpeg,8.437
cast_ok_0_9304.jpeg,cast_ok_0_9822.jpeg,8.457
cast_def_0_7366.jpeg,cast_def_0_4370.jpeg,8.473
cast_def_0_4937.jpeg,cast_def_0_354.jpeg,8.496
cast_ok_0_711.jpeg,cast_ok_0_5414.jpeg,8.499
cast_ok_0_4868.jpeg,cast_ok_0_5219.jpeg,8.531
cast_ok_0_3028.jpeg,cast_ok_0_46.jpeg,8.534
cast_ok_0_482.jpeg,cast_ok_0_1440.jpeg,8.552
cast_ok_0_2932.jpeg,cast_ok_0_2742.jpeg,8.567
cast_def_0_7953.jpeg,cast_def_0_354.jpeg,8.569
cast_ok_0_7725.jpeg,cast_ok_0_6540.jpeg,8.572
cast_ok_0_3018.jpeg,cast_ok_0_9053.jpeg,8.576
cast_ok_0_4601.jpeg,cast_ok_0_5044.jpeg,8.581
cast_ok_0_2976.jpeg,cast_ok_0_2085.jpeg,8.606
cast_def_0_1762.jpeg,cast_def_0_1424.jpeg,8.606
cast_def_0_6174.jpeg,cast_def_0_9270.jpeg,8.622
cast_ok_0_8600.jpeg,cast_ok_0_1202.jpeg,8.626
cast_def_0_1842.jpeg,cast_def_0_5830.jpeg,8.634
cast_ok_0_6814.jpeg,cast_ok_0_2306.jpeg,8.634
cast_def_0_3922.jpeg,cast_def_0_4707.jpeg,8.639
cast_ok_0_7094.jpeg,cast_ok_0_9840.jpeg,8.643
cast_ok_0_3054.jpeg,cast_ok_0_2306.jpeg,8.649
cast_ok_0_2529.jpeg,cast_ok_0_5812.jpeg,8.657
cast_ok_0_2710.jpeg,cast_ok_0_2098.jpeg,8.662
cast_def_0_2764.jpeg,cast_def_0_6037.jpeg,8.703
cast_def_0_1931.jpeg,cast_def_0_3122.jpeg,8.727
cast_def_0_207.jpeg,cast_def_0_8883.jpeg,8.736
cast_ok_0_8770.jpeg,cast_ok_0_8638.jpeg,8.765
cast_ok_0_9420.jpeg,cast_ok_0_9086.jpeg,8.816
cast_ok_0_6522.jpeg,cast_ok_0_7671.jpeg,8.850
cast_def_0_1505.jpeg,cast_def_0_4538.jpeg,8.855
cast_def_0_5766.jpeg,cast_def_0_9270.jpeg,8.870
cast_ok_0_963.jpeg,cast_ok_0_2269.jpeg,8.871
cast_def_0_5134.jpeg,cast_def_0_2875.jpeg,8.878
cast_ok_0_9562.jpeg,cast_ok_0_22.jpeg,8.915
cast_ok_0_7950.jpeg,cast_ok_0_7013.jpeg,8.929
cast_def_0_9480.jpeg,cast_def_0_3135.jpeg,8.936
cast_def_0_190.jpeg,cast_def_0_2084.jpeg,8.952
cast_ok_0_3574.jpeg,cast_ok_0_7906.jpeg,8.954
cast_ok_0_7988.jpeg,cast_ok_0_7667.jpeg,8.955
cast_ok_0_5791.jpeg,cast_ok_0_2098.jpeg,8.961
cast_def_0_6734.jpeg,cast_def_0_9153.jpeg,8.968
cast_def_0_7580.jpeg,cast_def_0_5944.jpeg,8.969
cast_def_0_7556.jpeg,cast_def_0_6856.jpeg,8.972
cast_def_0_2422.jpeg,cast_def_0_6961.jpeg,9.018
cast_def_0_8113.jpeg,cast_def_0_4707.jpeg,9.023
cast_ok_0_8914.jpeg,cast_ok_0_1733.jpeg,9.028
cast_def_0_5799.jpeg,cast_def_0_3128.jpeg,9.041
cast_def_0_4719.jpeg,cast_def_0_9095.jpeg,9.059
cast_def_0_2677.jpeg,cast_def_0_8718.jpeg,9.073
cast_def_0_8728.jpeg,cast_def_0_4231.jpeg,9.079
cast_def_0_8358.jpeg,cast_def_0_8506.jpeg,9.082
cast_def_0_3405.jpeg,cast_def_0_6246.jpeg,9.098
cast_def_0_8139.jpeg,cast_def_0_6037.jpeg,9.100
cast_def_0_3196.jpeg,cast_def_0_4534.jpeg,9.102
cast_ok_0_6825.jpeg,cast_ok_0_8397.jpeg,9.116
cast_ok_0_2935.jpeg,cast_ok_0_7381.jpeg,9.137
cast_def_0_6339.jpeg,cast_def_0_7653.jpeg,9.141
cast_ok_0_6760.jpeg,cast_ok_0_7857.jpeg,9.147
cast_def_0_9406.jpeg,cast_def_0_6207.jpeg,9.161
cast_def_0_5124.jpeg,cast_def_0_1752.jpeg,9.172
cast_def_0_5039.jpeg,cast_def_0_2327.jpeg,9.177
cast_def_0_7331.jpeg,cast_def_0_3437.jpeg,9.179
cast_def_0_426.jpeg,cast_def_0_4707.jpeg,9.187
cast_ok_0_4859.jpeg,cast_ok_0_5770.jpeg,9.192
cast_def_0_2781.jpeg,cast_def_0_619.jpeg,9.200
cast_def_0_5070.jpeg,cast_def_0_933.jpeg,9.201
cast_def_0_5260.jpeg,cast_def_0_4231.jpeg,9.213
cast_ok_0_7009.jpeg,cast_ok_0_7857.jpeg,9.223
cast_ok_0_5642.jpeg,cast_ok_0_5629.jpeg,9.237
cast_ok_0_2773.jpeg,cast_ok_0_9123.jpeg,9.238
cast_def_0_5141.jpeg,cast_def_0_9095.jpeg,9.241
cast_ok_0_7209.jpeg,cast_ok_0_2742.jpeg,9.244
cast_def_0_6968.jpeg,cast_def_0_7119.jpeg,9.245
cast_def_0_1082.jpeg,cast_def_0_2875.jpeg,9.254
cast_def_0_9855.jpeg,cast_def_0_9277.jpeg,9.274
cast_def_0_9808.jpeg,cast_def_0_9153.jpeg,9.289
cast_def_0_2368.jpeg,cast_def_0_4231.jpeg,9.300
cast_def_0_6996.jpeg,cast_def_0_9223.jpeg,9.314
cast_def_0_2901.jpeg,cast_def_0_1810.jpeg,9.316
cast_def_0_3707.jpeg,cast_def_0_7144.jpeg,9.333
cast_def_0_5018.jpeg,cast_def_0_1133.jpeg,9.350
cast_def_0_2843.jpeg,cast_def_0_2081.jpeg,9.357
cast_def_0_5319.jpeg,cast_def_0_2817.jpeg,9.369
cast_def_0_5518.jpeg,cast_def_0_6312.jpeg,9.381
cast_def_0_1804.jpeg,cast_def_0_2899.jpeg,9.381
cast_def_0_7805.jpeg,cast_def_0_2471.jpeg,9.384
cast_ok_0_402.jpeg,cast_ok_0_5219.jpeg,9.387
cast_def_0_9217.jpeg,cast_def_0_7653.jpeg,9.390
cast_def_0_695.jpeg,cast_def_0_7653.jpeg,9.414
cast_def_0_1640.jpeg,cast_def_0_6207.jpeg,9.421
cast_ok_0_4109.jpeg,cast_ok_0_1902.jpeg,9.429
cast_def_0_3837.jpeg,cast_def_0_7909.jpeg,9.434
cast_def_0_230.jpeg,cast_def_0_3068.jpeg,9.446
cast_ok_0_761.jpeg,cast_ok_0_4069.jpeg,9.455
cast_def_0_4025.jpeg,cast_def_0_4534.jpeg,9.456
cast_def_0_7149.jpeg,cast_def_0_9542.jpeg,9.457
cast_ok_0_3805.jpeg,cast_ok_0_7717.jpeg,9.457
cast_ok_0_128.jpeg,cast_ok_0_5770.jpeg,9.488
cast_def_0_436.jpeg,cast_def_0_2989.jpeg,9.495
cast_ok_0_5433.jpeg,cast_ok_0_2742.jpeg,9.497
cast_def_0_9872.jpeg,cast_def_0_2471.jpeg,9.514
cast_def_0_2351.jpeg,cast_def_0_8451.jpeg,9.515
cast_def_0_2176.jpeg,cast_def_0_3674.jpeg,9.526
cast_def_0_1907.jpeg,cast_def_0_5830.jpeg,9.560
cast_def_0_8215.jpeg,cast_def_0_8782.jpeg,9.583
cast_def_0_9062.jpeg,cast_def_0_9095.jpeg,9.592
cast_def_0_9387.jpeg,cast_def_0_4709.jpeg,9.593
cast_def_0_9180.jpeg,cast_def_0_2327.jpeg,9.597
cast_def_0_8066.jpeg,cast_def_0_4939.jpeg,9.602
cast_ok_0_4160.jpeg,cast_ok_0_6718.jpeg,9.610
cast_def_0_2505.jpeg,cast_def_0_3377.jpeg,9.629
cast_def_0_9986.jpeg,cast_def_0_6154.jpeg,9.640
cast_def_0_3896.jpeg,cast_def_0_7335.jpeg,9.653
cast_def_0_4475.jpeg,cast_def_0_2635.jpeg,9.654
cast_def_0_8594.jpeg,cast_def_0_5221.jpeg,9.655
cast_def_0_133.jpeg,cast_def_0_2305.jpeg,9.670
cast_def_0_3761.jpeg,cast_def_0_1565.jpeg,9.684
cast_def_0_5230.jpeg,cast_def_0_3920.jpeg,9.689
cast_def_0_4429.jpeg,cast_def_0_4515.jpeg,9.690
cast_ok_0_5242.jpeg,cast_ok_0_2070.jpeg,9.694
cast_ok_0_3434.jpeg,cast_ok_0_421.jpeg,9.726
cast_def_0_9423.jpeg,cast_def_0_5508.jpeg,9.737
cast_def_0_9878.jpeg,cast_def_0_7335.jpeg,9.756
cast_def_0_5806.jpeg,cast_def_0_7335.jpeg,9.778
cast_def_0_7420.jpeg,cast_def_0_4526.jpeg,9.810
cast_def_0_4238.jpeg,cast_def_0_2898.jpeg,9.815
cast_def_0_4951.jpeg,cast_def_0_7335.jpeg,9.826
cast_def_0_7892.jpeg,cast_def_0_3336.jpeg,9.832
cast_def_0_3486.jpeg,cast_def_0_6037.jpeg,9.872
cast_def_0_8252.jpeg,cast_def_0_26.jpeg,9.886
cast_def_0_3211.jpeg,cast_def_0_8451.jpeg,9.906
cast_def_0_8260.jpeg,cast_def_0_6506.jpeg,9.908
cast_ok_0_1301.jpeg,cast_ok_0_6183.jpeg,9.918
cast_def_0_7910.jpeg,cast_def_0_3437.jpeg,9.972
cast_def_0_9229.jpeg,cast_def_0_4962.jpeg,9.972
cast_def_0_9165.jpeg,cast_def_0_3437.jpeg,9.986
cast_def_0_5768.jpeg,cast_def_0_8453.jpeg,9.987
cast_def_0_8487.jpeg,cast_def_0_8506.jpeg,9.999
cast_def_0_1903.jpeg,cast_def_0_9969.jpeg,10.004
cast_def_0_4889.jpeg,cast_def_0_5927.jpeg,10.006
cast_def_0_6853.jpeg,cast_def_0_7335.jpeg,10.023
cast_def_0_6480.jpeg,cast_def_0_9095.jpeg,10.027
cast_def_0_1644.jpeg,cast_def_0_6418.jpeg,10.047
cast_def_0_9864.jpeg,cast_def_0_3068.jpeg,10.047
cast_def_0_4194.jpeg,cast_def_0_8506.jpeg,10.048
cast_def_0_6616.jpeg,cast_def_0_3068.jpeg,10.058
cast_ok_0_6730.jpeg,cast_ok_0_5322.jpeg,10.063
cast_def_0_3123.jpeg,cast_def_0_7653.jpeg,10.074
cast_def_0_1816.jpeg,cast_def_0_2327.jpeg,10.089
cast_def_0_8106.jpeg,cast_def_0_1810.jpeg,10.095
cast_ok_0_4778.jpeg,cast_ok_0_7717.jpeg,10.105
cast_def_0_6885.jpeg,cast_def_0_3743.jpeg,10.109
cast_def_0_3018.jpeg,cast_def_0_2305.jpeg,10.145
cast_def_0_3432.jpeg,cast_def_0_1246.jpeg,10.151
cast_def_0_9564.jpeg,cast_def_0_2693.jpeg,10.153
cast_def_0_9234.jpeg,cast_def_0_2367.jpeg,10.162
cast_def_0_1270.jpeg,cast_def_0_8804.jpeg,10.163
cast_def_0_372.jpeg,cast_def_0_4422.jpeg,10.191
cast_def_0_2437.jpeg,cast_def_0_5482.jpeg,10.199
cast_def_0_8356.jpeg,cast_def_0_8240.jpeg,10.230
cast_def_0_2847.jpeg,cast_def_0_2965.jpeg,10.268
cast_def_0_5371.jpeg,cast_def_0_9921.jpeg,10.287
cast_def_0_1477.jpeg,cast_def_0_3336.jpeg,10.315
cast_def_0_9389.jpeg,cast_def_0_2003.jpeg,10.334
cast_def_0_69.jpeg,cast_def_0_2701.jpeg,10.382
cast_ok_0_198.jpeg,cast_ok_0_5629.jpeg,10.391
cast_def_0_4141.jpeg,cast_def_0_5900.jpeg,10.399
cast_def_0_1850.jpeg,cast_def_0_9647.jpeg,10.416
cast_def_0_5604.jpeg,cast_def_0_9095.jpeg,10.456
cast_def_0_2514.jpeg,cast_def_0_9042.jpeg,10.486
cast_def_0_6420.jpeg,cast_def_0_7909.jpeg,10.513
cast_def_0_5117.jpeg,cast_def_0_8853.jpeg,10.528
cast_def_0_1518.jpeg,cast_def_0_999.jpeg,10.548
cast_def_0_5310.jpeg,cast_def_0_2716.jpeg,10.556
cast_def_0_8418.jpeg,cast_def_0_4921.jpeg,10.570
cast_ok_0_6229.jpeg,cast_ok_0_8093.jpeg,10.656
cast_def_0_3966.jpeg,cast_def_0_2283.jpeg,10.668
cast_ok_0_4006.jpeg,cast_ok_0_8138.jpeg,10.684
cast_def_0_2611.jpeg,cast_def_0_4623.jpeg,10.699
cast_def_0_6648.jpeg,cast_def_0_9095.jpeg,10.728
cast_def_0_535.jpeg,cast_def_0_3122.jpeg,10.738
cast_def_0_7610.jpeg,cast_def_0_3122.jpeg,10.746
cast_def_0_9482.jpeg,cast_def_0_9042.jpeg,10.747
cast_def_0_4288.jpeg,cast_def_0_4435.jpeg,10.750
cast_def_0_543.jpeg,cast_def_0_5762.jpeg,10.761
cast_def_0_884.jpeg,cast_def_0_2305.jpeg,10.785
cast_def_0_8679.jpeg,cast_def_0_7967.jpeg,10.814
cast_def_0_640.jpeg,cast_def_0_7710.jpeg,10.877
cast_def_0_2723.jpeg,cast_def_0_6506.jpeg,10.880
cast_def_0_337.jpeg,cast_def_0_3836.jpeg,10.906
cast_def_0_8403.jpeg,cast_def_0_7222.jpeg,10.948
cast_def_0_682.jpeg,cast_def_0_2965.jpeg,10.960
cast_def_0_6269.jpeg,cast_def_0_5166.jpeg,11.009
cast_def_0_6017.jpeg,cast_def_0_9071.jpeg,11.028
cast_def_0_3857.jpeg,cast_def_0_2391.jpeg,11.050
cast_def_0_729.jpeg,cast_def_0_3654.jpeg,11.051
cast_ok_0_7198.jpeg,cast_ok_0_2306.jpeg,11.054
cast_def_0_1392.jpeg,cast_def_0_3437.jpeg,11.108
cast_def_0_5207.jpeg,cast_def_0_3437.jpeg,11.113
cast_def_0_452.jpeg,cast_def_0_9042.jpeg,11.118
cast_ok_0_3790.jpeg,cast_ok_0_1902.jpeg,11.170
cast_def_0_566.jpeg,cast_def_0_2628.jpeg,11.182
cast_def_0_659.jpeg,cast_def_0_7907.jpeg,11.196
cast_def_0_8069.jpeg,cast_def_0_9539.jpeg,11.199
cast_def_0_3197.jpeg,cast_def_0_8820.jpeg,11.205
cast_ok_0_3899.jpeg,cast_ok_0_3732.jpeg,11.238
cast_ok_0_4891.jpeg,cast_ok_0_22.jpeg,11.265
cast_def_0_7863.jpeg,cast_def_0_7809.jpeg,11.298
cast_def_0_6135.jpeg,cast_def_0_2339.jpeg,11.347
cast_def_0_9560.jpeg,cast_def_0_2716.jpeg,11.362
cast_def_0_1625.jpeg,cast_def_0_3122.jpeg,11.416
cast_def_0_3388.jpeg,cast_def_0_8453.jpeg,11.439
cast_def_0_1921.jpeg,cast_def_0_6751.jpeg,11.442
cast_def_0_1180.jpeg,cast_def_0_9095.jpeg,11.459
cast_def_0_6605.jpeg,cast_def_0_6156.jpeg,11.482
cast_def_0_9871.jpeg,cast_def_0_3274.jpeg,11.518
cast_def_0_4527.jpeg,cast_def_0_2471.jpeg,11.542
cast_ok_0_420.jpeg,cast_ok_0_9123.jpeg,11.577
cast_def_0_3563.jpeg,cast_def_0_2339.jpeg,11.587
cast_def_0_909.jpeg,cast_def_0_9983.jpeg,11.604
cast_def_0_9673.jpeg,cast_def_0_5508.jpeg,11.622
cast_ok_0_5915.jpeg,cast_ok_0_9123.jpeg,11.676
cast_def_0_7209.jpeg,cast_def_0_4552.jpeg,11.684
cast_def_0_7416.jpeg,cast_def_0_2693.jpeg,11.686
cast_def_0_1647.jpeg,cast_def_0_2693.jpeg,11.688
cast_def_0_2617.jpeg,cast_def_0_9255.jpeg,11.708
cast_def_0_8265.jpeg,cast_def_0_7006.jpeg,11.737
cast_def_0_2457.jpeg,cast_def_0_2989.jpeg,11.766
cast_def_0_9098.jpeg,cast_def_0_5308.jpeg,11.784
cast_def_0_866.jpeg,cast_def_0_91.jpeg,11.789
cast_def_0_5199.jpeg,cast_def_0_3692.jpeg,11.800
cast_def_0_8359.jpeg,cast_def_0_4323.jpeg,11.873
cast_def_0_2122.jpeg,cast_def_0_3986.jpeg,11.875
cast_def_0_4297.jpeg,cast_def_0_549.jpeg,11.881
cast_def_0_2598.jpeg,cast_def_0_5303.jpeg,11.908
cast_def_0_9956.jpeg,cast_def_0_936.jpeg,11.939
cast_def_0_1210.jpeg,cast_def_0_4511.jpeg,11.949
cast_def_0_1238.jpeg,cast_def_0_7635.jpeg,12.029
cast_def_0_4476.jpeg,cast_def_0_958.jpeg,12.062
cast_def_0_4900.jpeg,cast_def_0_9095.jpeg,12.111
cast_def_0_7397.jpeg,cast_def_0_9270.jpeg,12.211
cast_def_0_1038.jpeg,cast_def_0_8931.jpeg,12.222
cast_def_0_9889.jpeg,cast_def_0_2469.jpeg,12.297
cast_def_0_2053.jpeg,cast_def_0_7318.jpeg,12.350
cast_def_0_997.jpeg,cast_def_0_7045.jpeg,12.358
cast_def_0_2960.jpeg,cast_def_0_9947.jpeg,12.369
cast_def_0_3122.jpeg,cast_def_0_4511.jpeg,12.416
cast_def_0_7774.jpeg,cast_def_0_7155.jpeg,12.458
cast_def_0_4668.jpeg,cast_def_0_3248.jpeg,12.520
cast_def_0_8323.jpeg,cast_def_0_9947.jpeg,12.578
cast_ok_0_9835.jpeg,cast_ok_0_1458.jpeg,12.581
cast_def_0_1151.jpeg,cast_def_0_5257.jpeg,12.610
cast_def_0_2867.jpeg,cast_def_0_1239.jpeg,12.611
cast_def_0_118.jpeg,cast_def_0_1951.jpeg,12.615
cast_def_0_7332.jpeg,cast_def_0_9211.jpeg,12.639
cast_def_0_2024.jpeg,cast_def_0_936.jpeg,12.687
cast_def_0_7003.jpeg,cast_def_0_1348.jpeg,12.708
cast_def_0_6213.jpeg,cast_def_0_1951.jpeg,12.714
cast_def_0_4944.jpeg,cast_def_0_1784.jpeg,12.717
cast_def_0_9091.jpeg,cast_def_0_5417.jpeg,12.763
cast_def_0_4704.jpeg,cast_def_0_1784.jpeg,12.766
cast_def_0_2797.jpeg,cast_def_0_7335.jpeg,12.787
cast_def_0_9817.jpeg,cast_def_0_1014.jpeg,12.832
cast_def_0_7163.jpeg,cast_def_0_5245.jpeg,12.848
cast_def_0_8610.jpeg,cast_def_0_6880.jpeg,12.856
cast_def_0_2646.jpeg,cast_def_0_8859.jpeg,12.859
cast_def_0_985.jpeg,cast_def_0_61.jpeg,12.859
cast_def_0_826.jpeg,cast_def_0_8529.jpeg,12.859
cast_def_0_7501.jpeg,cast_def_0_936.jpeg,12.884
cast_ok_0_3007.jpeg,cast_ok_0_6116.jpeg,12.909
cast_def_0_7273.jpeg,cast_def_0_3542.jpeg,12.923
cast_def_0_6660.jpeg,cast_def_0_2693.jpeg,12.937
cast_def_0_5459.jpeg,cast_def_0_9584.jpeg,12.969
cast_def_0_3180.jpeg,cast_def_0_4388.jpeg,12.994
cast_def_0_4183.jpeg,cast_def_0_1260.jpeg,13.005
cast_def_0_1966.jpeg,cast_def_0_9928.jpeg,13.011
cast_def_0_5962.jpeg,cast_def_0_1661.jpeg,13.020
cast_def_0_3778.jpeg,cast_def_0_3248.jpeg,13.039
cast_def_0_2933.jpeg,cast_def_0_1951.jpeg,13.056
cast_def_0_7206.jpeg,cast_def_0_1951.jpeg,13.080
cast_def_0_451.jpeg,cast_def_0_6418.jpeg,13.092
cast_def_0_4765.jpeg,cast_def_0_631.jpeg,13.094
cast_def_0_5708.jpeg,cast_def_0_4117.jpeg,13.104
cast_ok_0_8173.jpeg,cast_ok_0_7857.jpeg,13.142
cast_def_0_9313.jpeg,cast_def_0_1810.jpeg,13.147
cast_def_0_7126.jpeg,cast_def_0_4511.jpeg,13.151
cast_def_0_1794.jpeg,cast_def_0_3910.jpeg,13.165
cast_def_0_2986.jpeg,cast_def_0_999.jpeg,13.171
cast_def_0_9088.jpeg,cast_def_0_5627.jpeg,13.188
cast_def_0_5185.jpeg,cast_def_0_7699.jpeg,13.213
cast_def_0_9238.jpeg,cast_def_0_9584.jpeg,13.227
cast_def_0_8416.jpeg,cast_def_0_6778.jpeg,13.321
cast_def_0_5363.jpeg,cast_def_0_2527.jpeg,13.374
cast_def_0_982.jpeg,cast_def_0_1269.jpeg,13.416
cast_ok_0_1935.jpeg,cast_ok_0_7781.jpeg,13.431
cast_def_0_6055.jpeg,cast_ok_0_6752.jpeg,13.431
cast_def_0_4434.jpeg,cast_def_0_3542.jpeg,13.448
cast_def_0_3341.jpeg,cast_ok_0_1595.jpeg,13.475
cast_def_0_8856.jpeg,cast_ok_0_4825.jpeg,13.488
cast_def_0_8715.jpeg,cast_def_0_9947.jpeg,13.553
cast_def_0_669.jpeg,cast_ok_0_6381.jpeg,13.556
cast_def_0_2762.jpeg,cast_def_0_7638.jpeg,13.580
cast_def_0_9982.jpeg,cast_def_0_5021.jpeg,13.630
cast_def_0_3558.jpeg,cast_def_0_9368.jpeg,13.688
cast_def_0_6422.jpeg,cast_ok_0_6381.jpeg,13.720
cast_def_0_515.jpeg,cast_def_0_4388.jpeg,13.745
cast_def_0_5753.jpeg,cast_def_0_999.jpeg,13.803
cast_def_0_1574.jpeg,cast_def_0_1555.jpeg,13.816
cast_def_0_4217.jpeg,cast_ok_0_6381.jpeg,13.848
cast_def_0_5557.jpeg,cast_def_0_1784.jpeg,13.898
cast_def_0_6584.jpeg,cast_def_0_5403.jpeg,13.910
cast_def_0_2856.jpeg,cast_def_0_9142.jpeg,13.960
cast_def_0_6960.jpeg,cast_ok_0_6381.jpeg,13.960
cast_ok_0_1176.jpeg,cast_ok_0_7380.jpeg,13.983
cast_def_0_4884.jpeg,cast_def_0_732.jpeg,14.058
cast_def_0_9555.jpeg,cast_def_0_122.jpeg,14.369
cast_def_0_2652.jpeg,cast_ok_0_6381.jpeg,14.374
cast_def_0_4436.jpeg,cast_ok_0_6752.jpeg,14.405
cast_def_0_9248.jpeg,cast_def_0_7699.jpeg,14.427
cast_def_0_1021.jpeg,cast_def_0_5221.jpeg,14.430
cast_def_0_5546.jpeg,cast_def_0_5403.jpeg,14.446
cast_def_0_3644.jpeg,cast_def_0_6089.jpeg,14.489
cast_def_0_6326.jpeg,cast_def_0_9142.jpeg,14.494
cast_def_0_1852.jpeg,cast_def_0_5482.jpeg,14.567
cast_def_0_4110.jpeg,cast_def_0_5374.jpeg,14.613
cast_def_0_9270.jpeg,cast_def_0_7169.jpeg,14.620
cast_def_0_9325.jpeg,cast_def_0_5257.jpeg,14.622
cast_def_0_323.jpeg,cast_def_0_5374.jpeg,14.671
cast_ok_0_2129.jpeg,cast_ok_0_1458.jpeg,14.699
cast_ok_0_5515.jpeg,cast_ok_0_5244.jpeg,14.718
cast_def_0_9747.jpeg,cast_def_0_7169.jpeg,14.725
cast_def_0_6890.jpeg,cast_def_0_4266.jpeg,14.761
cast_def_0_6374.jpeg,cast_def_0_7357.jpeg,14.868
cast_def_0_6906.jpeg,cast_def_0_4854.jpeg,14.876
cast_def_0_2076.jpeg,cast_def_0_5374.jpeg,14.931
cast_ok_0_1795.jpeg,cast_ok_0_5244.jpeg,14.990
cast_def_0_7407.jpeg,cast_def_0_2926.jpeg,15.075
cast_def_0_9702.jpeg,cast_def_0_2167.jpeg,15.147
cast_def_0_5976.jpeg,cast_ok_0_3362.jpeg,15.157
cast_def_0_2337.jpeg,cast_def_0_3274.jpeg,15.199
cast_def_0_8651.jpeg,cast_def_0_2991.jpeg,15.207
cast_def_0_182.jpeg,cast_def_0_6089.jpeg,15.223
cast_def_0_2626.jpeg,cast_def_0_95.jpeg,15.232
cast_def_0_1928.jpeg,cast_def_0_6089.jpeg,15.246
cast_def_0_1376.jpeg,cast_def_0_2926.jpeg,15.247
cast_def_0_3965.jpeg,cast_def_0_7040.jpeg,15.290
cast_def_0_9422.jpeg,cast_def_0_5257.jpeg,15.304
cast_def_0_7224.jpeg,cast_def_0_7907.jpeg,15.342
cast_ok_0_6429.jpeg,cast_ok_0_1458.jpeg,15.344
cast_def_0_4044.jpeg,cast_def_0_5245.jpeg,15.373
cast_def_0_9917.jpeg,cast_def_0_936.jpeg,15.396
cast_def_0_9921.jpeg,cast_def_0_5245.jpeg,15.406
cast_def_0_3414.jpeg,cast_def_0_8611.jpeg,15.454
cast_def_0_9008.jpeg,cast_def_0_4307.jpeg,15.496
cast_def_0_8787.jpeg,cast_def_0_7357.jpeg,15.569
cast_def_0_1918.jpeg,cast_def_0_4854.jpeg,15.582
cast_def_0_808.jpeg,cast_def_0_7907.jpeg,15.593
cast_def_0_6947.jpeg,cast_def_0_2391.jpeg,15.690
cast_def_0_7814.jpeg,cast_def_0_6932.jpeg,15.700
cast_def_0_5896.jpeg,cast_def_0_6697.jpeg,15.731
cast_def_0_4386.jpeg,cast_def_0_4104.jpeg,15.762
cast_def_0_7911.jpeg,cast_def_0_4854.jpeg,15.769
cast_def_0_6779.jpeg,cast_def_0_4912.jpeg,15.784
cast_def_0_6776.jpeg,cast_def_0_2391.jpeg,15.824
cast_def_0_3461.jpeg,cast_def_0_5303.jpeg,15.884
cast_def_0_1666.jpeg,cast_def_0_1454.jpeg,15.908
cast_def_0_3208.jpeg,cast_def_0_936.jpeg,15.959
cast_def_0_8823.jpeg,cast_def_0_2735.jpeg,15.976
cast_def_0_819.jpeg,cast_def_0_174.jpeg,16.043
cast_def_0_9195.jpeg,cast_def_0_7638.jpeg,16.180
cast_def_0_8243.jpeg,cast_def_0_4448.jpeg,16.239
cast_def_0_6626.jpeg,cast_def_0_1098.jpeg,16.335
cast_def_0_9254.jpeg,cast_def_0_456.jpeg,16.360
cast_def_0_9191.jpeg,cast_def_0_3122.jpeg,16.378
cast_def_0_7495.jpeg,cast_def_0_6373.jpeg,16.428
cast_def_0_4225.jpeg,cast_def_0_98.jpeg,16.455
cast_def_0_3299.jpeg,cast_def_0_456.jpeg,16.478
cast_def_0_6577.jpeg,cast_def_0_7993.jpeg,16.484
cast_def_0_8167.jpeg,cast_def_0_7318.jpeg,16.538
cast_def_0_9553.jpeg,cast_def_0_6703.jpeg,16.541
cast_def_0_8376.jpeg,cast_def_0_999.jpeg,16.554
cast_def_0_9378.jpeg,cast_def_0_174.jpeg,16.627
cast_def_0_2066.jpeg,cast_def_0_5394.jpeg,16.706
cast_def_0_3031.jpeg,cast_def_0_3122.jpeg,16.708
cast_def_0_8990.jpeg,cast_def_0_4457.jpeg,16.762
cast_def_0_459.jpeg,cast_def_0_3122.jpeg,16.827
cast_def_0_4625.jpeg,cast_def_0_2817.jpeg,16.827
cast_def_0_8129.jpeg,cast_def_0_7761.jpeg,16.838
cast_ok_0_5620.jpeg,cast_ok_0_1066.jpeg,16.857
cast_def_0_591.jpeg,cast_def_0_8640.jpeg,16.936
cast_def_0_3709.jpeg,cast_def_0_3122.jpeg,16.956
cast_def_0_6285.jpeg,cast_def_0_1909.jpeg,16.967
cast_def_0_7713.jpeg,cast_def_0_1569.jpeg,17.036
cast_def_0_9960.jpeg,cast_def_0_5483.jpeg,17.052
cast_def_0_1092.jpeg,cast_def_0_3122.jpeg,17.078
cast_def_0_7679.jpeg,cast_def_0_3122.jpeg,17.092
cast_def_0_7011.jpeg,cast_def_0_1569.jpeg,17.130
cast_def_0_8734.jpeg,cast_def_0_2308.jpeg,17.143
cast_def_0_4954.jpeg,cast_def_0_8611.jpeg,17.146
cast_def_0_6676.jpeg,cast_def_0_5394.jpeg,17.165
cast_def_0_4080.jpeg,cast_def_0_3122.jpeg,17.246
cast_def_0_485.jpeg,cast_def_0_2391.jpeg,17.256
cast_def_0_1629.jpeg,cast_def_0_3274.jpeg,17.257
cast_def_0_5362.jpeg,cast_def_0_3036.jpeg,17.258
cast_def_0_3658.jpeg,cast_ok_0_7931.jpeg,17.271
cast_def_0_9703.jpeg,cast_def_0_4707.jpeg,17.272
cast_def_0_9027.jpeg,cast_def_0_4457.jpeg,17.277
cast_def_0_3351.jpeg,cast_def_0_3036.jpeg,17.278
cast_def_0_8409.jpeg,cast_def_0_1935.jpeg,17.302
cast_def_0_8837.jpeg,cast_def_0_3122.jpeg,17.346
cast_def_0_3145.jpeg,cast_def_0_9169.jpeg,17.407
cast_def_0_4327.jpeg,cast_def_0_4457.jpeg,17.426
cast_def_0_6978.jpeg,cast_def_0_7765.jpeg,17.431
cast_def_0_8072.jpeg,cast_def_0_6761.jpeg,17.436
cast_def_0_5858.jpeg,cast_def_0_4457.jpeg,17.453
cast_def_0_2625.jpeg,cast_def_0_1352.jpeg,17.481
cast_def_0_9064.jpeg,cast_def_0_3122.jpeg,17.486
cast_def_0_2393.jpeg,cast_def_0_9169.jpeg,17.494
cast_def_0_7653.jpeg,cast_def_0_7021.jpeg,17.545
cast_def_0_8417.jpeg,cast_def_0_1352.jpeg,17.557
cast_def_0_5426.jpeg,cast_def_0_7021.jpeg,17.572
cast_ok_0_8124.jpeg,cast_ok_0_1723.jpeg,17.658
cast_def_0_7002.jpeg,cast_def_0_4457.jpeg,17.789
cast_def_0_6687.jpeg,cast_def_0_3272.jpeg,17.993
cast_def_0_3969.jpeg,cast_def_0_4707.jpeg,18.052
cast_def_0_6264.jpeg,cast_def_0_2526.jpeg,18.052
cast_def_0_3757.jpeg,cast_def_0_7699.jpeg,18.057
cast_def_0_3957.jpeg,cast_def_0_3272.jpeg,18.099
cast_def_0_6227.jpeg,cast_def_0_2154.jpeg,18.127
cast_def_0_8904.jpeg,cast_def_0_4448.jpeg,18.191
cast_def_0_2091.jpeg,cast_def_0_3274.jpeg,18.433
cast_def_0_7212.jpeg,cast_def_0_4707.jpeg,18.439
cast_def_0_4103.jpeg,cast_def_0_2154.jpeg,18.644
cast_def_0_1191.jpeg,cast_def_0_8354.jpeg,18.741
cast_def_0_9500.jpeg,cast_def_0_2154.jpeg,18.834
cast_def_0_2044.jpeg,cast_def_0_2154.jpeg,19.152
cast_def_0_9677.jpeg,cast_def_0_7699.jpeg,19.185
cast_def_0_9466.jpeg,cast_def_0_3122.jpeg,19.211
cast_def_0_9.jpeg,cast_def_0_7884.jpeg,19.263
cast_def_0_7875.jpeg,cast_def_0_3718.jpeg,19.306
cast_def_0_6255.jpeg,cast_def_0_1424.jpeg,19.397
cast_def_0_5872.jpeg,cast_def_0_3676.jpeg,19.510
cast_def_0_1599.jpeg,cast_def_0_2154.jpeg,19.527
cast_def_0_4337.jpeg,cast_def_0_6121.jpeg,19.555
cast_def_0_4654.jpeg,cast_def_0_1424.jpeg,19.594
cast_def_0_3745.jpeg,cast_def_0_6692.jpeg,19.709
cast_def_0_7929.jpeg,cast_def_0_2154.jpeg,19.823
cast_def_0_590.jpeg,cast_def_0_6692.jpeg,19.837
cast_def_0_3802.jpeg,cast_def_0_5483.jpeg,20.020
cast_def_0_4430.jpeg,cast_def_0_2154.jpeg,20.027
cast_def_0_4458.jpeg,cast_def_0_2154.jpeg,20.104
cast_def_0_1136.jpeg,cast_def_0_4707.jpeg,20.133
cast_def_0_8413.jpeg,cast_def_0_303.jpeg,20.134
cast_def_0_650.jpeg,cast_ok_0_300.jpeg,20.452
cast_def_0_4195.jpeg,cast_def_0_5662.jpeg,20.565
cast_def_0_6456.jpeg,cast_ok_0_70.jpeg,20.569
cast_def_0_8483.jpeg,cast_ok_0_6621.jpeg,20.607
cast_def_0_5688.jpeg,cast_ok_0_4313.jpeg,20.640
cast_def_0_9538.jpeg,cast_def_0_5662.jpeg,20.765
cast_def_0_1950.jpeg,cast_ok_0_6621.jpeg,20.869
cast_def_0_2952.jpeg,cast_def_0_2154.jpeg,20.913
cast_def_0_8238.jpeg,cast_def_0_9661.jpeg,20.914
cast_def_0_8876.jpeg,cast_def_0_8736.jpeg,21.340
cast_def_0_907.jpeg,cast_def_0_6692.jpeg,21.356
cast_def_0_6706.jpeg,cast_def_0_303.jpeg,21.372
cast_ok_0_9149.jpeg,cast_ok_0_120.jpeg,26.834
cast_ok_0_9179.jpeg,cast_ok_0_5257.jpeg,26.870
cast_ok_0_1062.jpeg,cast_ok_0_120.jpeg,27.047
cast_ok_0_5891.jpeg,cast_ok_0_120.jpeg,27.107
cast_ok_0_3424.jpeg,cast_ok_0_120.jpeg,27.167
cast_ok_0_3701.jpeg,cast_ok_0_120.jpeg,27.671
cast_ok_0_6024.jpeg,cast_ok_0_5257.jpeg,28.465
cast_ok_0_4437.jpeg,cast_ok_0_4907.jpeg,28.484
cast_ok_0_8652.jpeg,cast_ok_0_8172.jpeg,29.821
cast_ok_0_7501.jpeg,cast_ok_0_9820.jpeg,30.577
